-- phpMyAdmin SQL Dump
-- version 5.2.0
-- https://www.phpmyadmin.net/
--
-- Servidor: 127.0.0.1
-- Tiempo de generación: 05-08-2022 a las 18:25:25
-- Versión del servidor: 10.4.24-MariaDB
-- Versión de PHP: 8.1.6

SET SQL_MODE = "NO_AUTO_VALUE_ON_ZERO";
START TRANSACTION;
SET time_zone = "+00:00";


/*!40101 SET @OLD_CHARACTER_SET_CLIENT=@@CHARACTER_SET_CLIENT */;
/*!40101 SET @OLD_CHARACTER_SET_RESULTS=@@CHARACTER_SET_RESULTS */;
/*!40101 SET @OLD_COLLATION_CONNECTION=@@COLLATION_CONNECTION */;
/*!40101 SET NAMES utf8mb4 */;

--
-- Base de datos: `cacproyecto`
--

-- --------------------------------------------------------

--
-- Estructura de tabla para la tabla `localidades`
--

CREATE TABLE `localidades` (
  `idlocalidad` int(11) NOT NULL,
  `nombre` varchar(40) NOT NULL,
  `idProvincia` int(11) NOT NULL
) ENGINE=InnoDB DEFAULT CHARSET=utf8mb4;

--
-- Volcado de datos para la tabla `localidades`
--

INSERT INTO `localidades` (`idlocalidad`, `nombre`, `idProvincia`) VALUES
(1, 'Moreno', 3),
(2, 'Guaymallén', 4),
(3, 'Cafayate', 2),
(4, 'Cruz Alta', 1),
(5, 'Quilmes', 3),
(6, 'Berazategui', 3);

-- --------------------------------------------------------

--
-- Estructura de tabla para la tabla `pedidos`
--

CREATE TABLE `pedidos` (
  `idpedido` int(11) NOT NULL,
  `nombre` varchar(40) NOT NULL,
  `apellido` varchar(40) NOT NULL,
  `usuario` varchar(20) NOT NULL,
  `mail` varchar(30) NOT NULL,
  `lugarentrega` varchar(80) NOT NULL,
  `localidad` int(11) NOT NULL,
  `codpostal` varchar(9) NOT NULL,
  `formadepago` varchar(10) NOT NULL,
  `tarjtitular` varchar(40) NOT NULL,
  `tarjnumero` bigint(16) NOT NULL,
  `tarjvto` varchar(10) NOT NULL,
  `tarjclave` int(11) NOT NULL
) ENGINE=InnoDB DEFAULT CHARSET=utf8mb4;

--
-- Volcado de datos para la tabla `pedidos`
--

INSERT INTO `pedidos` (`idpedido`, `nombre`, `apellido`, `usuario`, `mail`, `lugarentrega`, `localidad`, `codpostal`, `formadepago`, `tarjtitular`, `tarjnumero`, `tarjvto`, `tarjclave`) VALUES
(9, 'Juana asd', 'Rodriguez', 'sdf', 'jrodriguez@gmail.com', 'Lavalle 32', 1, '1233', 'on', 'Juan rodriguez', 2147483647, '0422', 124),
(10, 'Hermeto', 'Carmona', 'hcarmona', 'hcarmona@gmail.com', 'Av. La Plata 2233 ', 1, '1882', 'o', 'ss', 33, '33', 33),
(12, 'Facundo', 'Sileo', 'fsileo', 'fsileo@gmail.com', 'Av. La Plata 556', 1, '1884', 'checkedVal', 'Facundo Sileo', 1234, '0422', 423),
(13, 'Brenda', 'Benitez', 'bbenitez', 'bbenitez@hotmail.com', 'Av. Cabildo 4555', 1, '1223', 'checkedVal', 'Brenda Benitez', 1234, '0422', 423),
(14, 'Jesus', 'Rodriguez', 'jrodriguez', 'jrodriguez@gmail.com', 'Av. Cabildo 333', 1, '1223', 'checkedVal', 'Jesus Rodriguez', 123456, '0422', 325),
(23, 'Beatriz', 'Perez', 'bperez', 'bperez@gmail.com', 'Laprida 232', 2, '1554', 'mercado', 'Beatriz Perez', 1234, '0422', 325),
(25, 'Hernesto', 'Rodriguez', 'jrodriguez', 'prueba@gmail.com', 'Av. Cabildo 4555', 1, '1223', 'null', 'Jesus Rodriguez', 1123455645667899, '0422', 123),
(27, 'Hernesto', 'Rodriguez', 'jrodriguez', 'prueba@gmail.com', 'Av. Cabildo 4555', 2, '1223', 'tarjeta', 'Jesus Rodriguez', 1123455645667899, '0422', 123),
(28, 'Hernan', 'Jacinto', 'hjacinto', 'hjacinto@gmail.com', 'Laprida 232', 3, '1255', 'mercado', 'dd', 3333, '3333', 333),
(29, 'Paola', 'Hernanedz', 'phernan', 'ph@gmail.com', 'Laprida 232', 3, '1234', 'tarjeta', 'aa', 333, '3333', 333),
(30, 'Romina', 'Estevez', 'restevez', 'restevez@gmail.com', 'Av La Plata 321', 1, '1882', 'on', '111', 111, '0122', 123),
(31, 'Juana', 'Robledo', 'jrobledo', 'jperez@gmail.com', 'Av. Santa Fe 123', 1, '123', 'on', 'sdf', 222, '222', 22),
(32, 'Pablo', 'Porta', 'porta', 'porta@gmail.com', 'Av La Plata 321', 1, '123', 'on', '123', 123, '123', 123),
(40, 'adas', 'aoad', 'fabioaoad', 'fabioaoad@gmail.com', 'Andres Chazarreta N° 283', 3, '4300', 'on', 'fabio', 33, '33', 33),
(41, 'fabio', 'caceres', 'fabioaoad', 'fabioaoad@gmail.com', 'Andres Chazarreta N° 283', 3, '33', 'on', 'dsd', 33, '32', 323),
(42, 'fabiof', 'aoad', 'fabioaoad', 'fabioaoad@gmail.com', 'Andres Chazarreta N° 283', 2, '434', 'on', 'FDF', 3434, '343', 44),
(43, 'MARTINss', 'AOAD', 'fabioaoad', 'fabioaoad@gmail.com', 'Andres Chazarreta N° 283', 2, '34', 'on', 'fsdf', 343, '434', 44),
(44, 'Ignacio', 'Palazzi', 'ignaciop', 'ignaciopa@gmail.com', 'belgrano', 1, '4214', 'on', 'asdasd', 11231231231, '123123', 1323);

-- --------------------------------------------------------

--
-- Estructura de tabla para la tabla `provincias`
--

CREATE TABLE `provincias` (
  `idprovincia` int(11) NOT NULL,
  `nombre` varchar(40) NOT NULL
) ENGINE=InnoDB DEFAULT CHARSET=utf8mb4;

--
-- Volcado de datos para la tabla `provincias`
--

INSERT INTO `provincias` (`idprovincia`, `nombre`) VALUES
(1, 'Tucumán'),
(2, 'Salta'),
(3, 'Buenos Aires'),
(4, 'Mendoza'),
(5, 'Neuquen'),
(6, 'Entre Ríos');

-- --------------------------------------------------------

--
-- Estructura de tabla para la tabla `usuarios`
--

CREATE TABLE `usuarios` (
  `idusuario` int(11) NOT NULL,
  `usuario` varchar(20) NOT NULL,
  `clave` varchar(20) NOT NULL
) ENGINE=InnoDB DEFAULT CHARSET=utf8mb4;

--
-- Volcado de datos para la tabla `usuarios`
--

INSERT INTO `usuarios` (`idusuario`, `usuario`, `clave`) VALUES
(2, 'mail@hotmail.com', '808080'),
(35, 'prueba@prueba.com', 'Prueba#2022'),
(36, 'fabioaoad@gmail.com', 'Prueba#2022');

--
-- Índices para tablas volcadas
--

--
-- Indices de la tabla `localidades`
--
ALTER TABLE `localidades`
  ADD PRIMARY KEY (`idlocalidad`),
  ADD UNIQUE KEY `LocProvincia` (`idlocalidad`),
  ADD KEY `LocProv` (`idProvincia`);

--
-- Indices de la tabla `pedidos`
--
ALTER TABLE `pedidos`
  ADD PRIMARY KEY (`idpedido`),
  ADD KEY `FK_Localidad` (`localidad`);

--
-- Indices de la tabla `provincias`
--
ALTER TABLE `provincias`
  ADD PRIMARY KEY (`idprovincia`);

--
-- Indices de la tabla `usuarios`
--
ALTER TABLE `usuarios`
  ADD PRIMARY KEY (`idusuario`),
  ADD UNIQUE KEY `usuario_2` (`usuario`),
  ADD KEY `usuario` (`usuario`);

--
-- AUTO_INCREMENT de las tablas volcadas
--

--
-- AUTO_INCREMENT de la tabla `localidades`
--
ALTER TABLE `localidades`
  MODIFY `idlocalidad` int(11) NOT NULL AUTO_INCREMENT, AUTO_INCREMENT=7;

--
-- AUTO_INCREMENT de la tabla `pedidos`
--
ALTER TABLE `pedidos`
  MODIFY `idpedido` int(11) NOT NULL AUTO_INCREMENT, AUTO_INCREMENT=45;

--
-- AUTO_INCREMENT de la tabla `provincias`
--
ALTER TABLE `provincias`
  MODIFY `idprovincia` int(11) NOT NULL AUTO_INCREMENT, AUTO_INCREMENT=7;

--
-- AUTO_INCREMENT de la tabla `usuarios`
--
ALTER TABLE `usuarios`
  MODIFY `idusuario` int(11) NOT NULL AUTO_INCREMENT, AUTO_INCREMENT=37;

--
-- Restricciones para tablas volcadas
--

--
-- Filtros para la tabla `localidades`
--
ALTER TABLE `localidades`
  ADD CONSTRAINT `localidades_ibfk_1` FOREIGN KEY (`idProvincia`) REFERENCES `provincias` (`idprovincia`);

--
-- Filtros para la tabla `pedidos`
--
ALTER TABLE `pedidos`
  ADD CONSTRAINT `FK_Localidad` FOREIGN KEY (`localidad`) REFERENCES `localidades` (`idlocalidad`);
COMMIT;

/*!40101 SET CHARACTER_SET_CLIENT=@OLD_CHARACTER_SET_CLIENT */;
/*!40101 SET CHARACTER_SET_RESULTS=@OLD_CHARACTER_SET_RESULTS */;
/*!40101 SET COLLATION_CONNECTION=@OLD_COLLATION_CONNECTION */;
